{
  "version": "V10_Enhanced",
  "initial_capital": 100000,
  "final_value": 423266.71446316614,
  "total_return_pct": 323.2667144631661,
  "max_drawdown_pct": -88.42846570891155,
  "total_trades": 146,
  "win_rate": 43.44827586206896
}