{
  "version": "V10_Enhanced",
  "initial_capital": 100000,
  "final_value": 250108.3823073892,
  "total_return_pct": 150.10838230738918,
  "max_drawdown_pct": -75.77497078012576,
  "total_trades": 106,
  "win_rate": 44.761904761904766
}