{
  "version": "V10_Enhanced",
  "initial_capital": 100000,
  "final_value": 411845.18996825354,
  "total_return_pct": 311.8451899682535,
  "max_drawdown_pct": -88.42846669558,
  "total_trades": 146,
  "win_rate": 43.44827586206896
}