{
  "version": "V10_Enhanced",
  "initial_capital": 100000,
  "final_value": 423267.76822225685,
  "total_return_pct": 323.26776822225685,
  "max_drawdown_pct": -88.42845628535292,
  "total_trades": 146,
  "win_rate": 43.44827586206896
}