{
  "version": "V10_Enhanced",
  "initial_capital": 100000,
  "final_value": 543534.6793092701,
  "total_return_pct": 443.5346793092701,
  "max_drawdown_pct": -87.25516380658048,
  "total_trades": 145,
  "win_rate": 44.44444444444444
}