{
  "version": "V10_Enhanced",
  "initial_capital": 100000,
  "final_value": 185665.5705554732,
  "total_return_pct": 85.66557055547321,
  "max_drawdown_pct": -85.66880088506169,
  "total_trades": 142,
  "win_rate": 43.262411347517734
}