{
  "version": "V10_Enhanced",
  "initial_capital": 100000,
  "final_value": 475161.52536470117,
  "total_return_pct": 375.16152536470116,
  "max_drawdown_pct": -87.18939249224054,
  "total_trades": 148,
  "win_rate": 44.21768707482993
}