{
  "version": "V9.1_Optimized",
  "total_return_pct": 1601.3869343858473,
  "annualized_return_pct": 60.46049474861466,
  "max_drawdown_pct": -75.4519304833343,
  "sharpe_ratio": 2.37921422170061,
  "total_commission": 294827.521179016,
  "total_trades": 163,
  "long_trades": 119,
  "short_trades": 44,
  "vix_trades": 65,
  "win_rate": 56.44171779141104,
  "avg_holding_days": 2.2822085889570554,
  "buy_hold_tqqq": 797.5100139966701,
  "outperformance": 803.8769203891773
}