{
  "version": "V9.2_Drawdown_Optimized",
  "total_return_pct": 193.87694946428988,
  "annualized_return_pct": 19.706215394230853,
  "max_drawdown_pct": -74.90983974256098,
  "sharpe_ratio": 1.7641220752530034,
  "total_commission": 80870.40450516414,
  "total_trades": 137,
  "long_trades": 90,
  "short_trades": 47,
  "time_stop_trades": 0,
  "win_rate": 51.82481751824818,
  "avg_holding_days": 3.4963503649635035,
  "avg_position_size": 0.6996350364963503,
  "buy_hold_tqqq": 797.5102049543988,
  "outperformance": -603.6332554901089
}