{
  "version": "V9.5_Enhanced",
  "total_return_pct": 26.65908119364358,
  "annualized_return_pct": 4.645391132833487,
  "max_drawdown_pct": -61.958743676776116,
  "sharpe_ratio": 0.908460222512626,
  "total_commission": 11240.141278656005,
  "total_trades": 22,
  "long_trades": 18,
  "short_trades": 4,
  "win_rate": 54.54545454545454,
  "avg_holding_days": 4.863636363636363,
  "buy_hold_tqqq": 797.5103004332937,
  "outperformance": -770.85121923965
}