{
  "version": "V9.5_Enhanced",
  "total_return_pct": 51.40034999118422,
  "annualized_return_pct": 8.295100148983536,
  "max_drawdown_pct": -61.1969725842796,
  "sharpe_ratio": 1.1871535539959832,
  "total_commission": 22700.96516194534,
  "total_trades": 37,
  "long_trades": 28,
  "short_trades": 9,
  "win_rate": 48.64864864864865,
  "avg_holding_days": 4.756756756756757,
  "buy_hold_tqqq": 797.5103004332937,
  "outperformance": -746.1099504421094
}