{
  "version": "V9_Asymmetric",
  "total_return_pct": 1966.925593120985,
  "annualized_return_pct": 65.75673114743272,
  "max_drawdown_pct": -74.8027878166123,
  "sharpe_ratio": 2.0704502472888575,
  "total_commission": 268228.4289586953,
  "total_trades": 120,
  "long_trades": 80,
  "short_trades": 40,
  "win_rate": 53.333333333333336,
  "avg_holding_days": 3.6166666666666667,
  "buy_hold_tqqq": 797.5103004332937,
  "outperformance": 1169.4152926876914
}