{
  "initial_capital": 100000,
  "final_value": 152276.23748779297,
  "total_return_pct": 52.27623748779296,
  "annualized_return_pct": 7.268807548512979,
  "max_drawdown_pct": -25.919469513717463,
  "sharpe_ratio": 0.37546483495539124,
  "total_trades": 3,
  "win_rate": 33.33333333333333,
  "buy_hold_return_pct": 797.5103855388619,
  "outperformance": -745.2341480510689
}