{
  "initial_capital": 100000,
  "final_value": 541263.5666742325,
  "total_return_pct": 441.2635666742325,
  "annualized_return_pct": 32.54837273013391,
  "volatility_pct": 435.81002690051946,
  "max_drawdown_pct": -73.21587559688177,
  "sharpe_ratio": 1.8582756225304056,
  "sortino_ratio": 2.465256206085176,
  "total_trades": 100,
  "win_rate": 48.0,
  "avg_win_pct": 11.846648921456275,
  "avg_loss_pct": -7.923955166101263,
  "profit_factor": 1.196781980538454,
  "buy_hold_return_pct": 797.5105764967307,
  "buy_hold_max_dd_pct": -81.65984849393546,
  "outperformance": -356.24700982249817
}