{
  "version": "V4_\u975a\u4ed4\u6700\u7d42\u7248",
  "total_return_pct": 469.26337068271636,
  "annualized_return_pct": 33.66857266233303,
  "max_drawdown_pct": -76.60436303928041,
  "sharpe_ratio": 1.8126675818612574,
  "total_trades": 95,
  "win_rate": 50.526315789473685,
  "avg_holding_days": 3.863157894736842,
  "bull_continue_count": 77,
  "buy_hold_return_pct": 797.5103855388619,
  "outperformance": -328.24701485614554
}