{
  "version": "V7_\u653e\u5bec\u6b62\u640d\u7248",
  "total_return_pct": 381.85146439904486,
  "annualized_return_pct": 30.00164669523624,
  "max_drawdown_pct": -73.63710062760939,
  "sharpe_ratio": 1.7938579670595922,
  "total_commission": 68170.37206115529,
  "total_trades": 93,
  "win_rate": 50.53763440860215,
  "avg_holding_days": 3.978494623655914,
  "qqq_stops": 24,
  "trailing_stops": 18,
  "profit_stops": 46,
  "reeval_stops": 5,
  "bull_continue_count": 70,
  "buy_hold_return_pct": 797.5103855388619,
  "outperformance": -415.65892113981704
}