{
  "version": "V8_\u653e\u5bec\u6b62\u76c8\u7248",
  "total_return_pct": 514.711557086506,
  "annualized_return_pct": 35.39273144746418,
  "max_drawdown_pct": -73.56200883465738,
  "sharpe_ratio": 1.6860260512587024,
  "total_commission": 72854.52390787977,
  "total_trades": 80,
  "win_rate": 46.25,
  "avg_holding_days": 4.4125,
  "qqq_stops": 19,
  "trailing_stops": 21,
  "profit_stops": 31,
  "reeval_stops": 9,
  "bull_continue_count": 74,
  "buy_hold_return_pct": 797.5103855388619,
  "outperformance": -282.7988284523559
}