{
  "initial_capital": 100000.0,
  "final_equity": 98004.84654594325,
  "total_return_pct": -1.9951534540567517,
  "total_trades": 6,
  "winning_trades": 3,
  "losing_trades": 3,
  "win_rate": 50.0,
  "max_drawdown_pct": -9.319295143253491,
  "total_pnl": -1995.153454056734,
  "total_commission": 604.8242131077337
}